profession,spell,name,acq,flag,pattern,wh_orange,wh_yellow,wh_green,wh_grey,wh_learn,wh_sources,db2_orange,db2_orange_src,db2_yellow,db2_grey,chosen_orange,chosen_orange_src,chosen_yellow,chosen_yellow_src,chosen_grey,chosen_grey_src,chosen_green,detail
Engineering,82177,Quickflip Deflection Plates,discovery?,sourceless-unmarked-discovery,sourceless-unmarked-discovery,0,425,437,450,425,,,,425,450,425,wh:learn,425,db2,450,db2,437,
Engineering,82180,Tazik Shocker,discovery?,sourceless-unmarked-discovery,sourceless-unmarked-discovery,0,425,437,450,425,,,,425,450,425,wh:learn,425,db2,450,db2,437,
Engineering,82200,Spinal Healing Injector,discovery?,sourceless-unmarked-discovery,sourceless-unmarked-discovery,0,425,437,450,425,,,,425,450,425,wh:learn,425,db2,450,db2,437,
Inscription,130407,Mystery of the Mists,discovery?,sourceless-unmarked-discovery,sourceless-unmarked-discovery,0,605,607,610,605,,,,605,610,605,wh:learn,605,db2,610,db2,607,
Inscription,1216290,Bloodthirsty Eyeball of Dominance,discovery?,sourceless-unmarked-discovery,sourceless-unmarked-discovery,0,520,525,530,520,,,,520,530,520,wh:learn,520,db2,530,db2,525,
Inscription,1216316,Bloodthirsty Charm of Triumph,discovery?,sourceless-unmarked-discovery,sourceless-unmarked-discovery,0,520,525,530,520,,,,520,530,520,wh:learn,520,db2,530,db2,525,
Inscription,1216317,Bloodthirsty Jawbone of Conquest,discovery?,sourceless-unmarked-discovery,sourceless-unmarked-discovery,0,520,525,530,520,,,,520,530,520,wh:learn,520,db2,530,db2,525,
Jewelcrafting,73233,Mystic Alicite,discovery?,sourceless-unmarked-discovery,sourceless-unmarked-discovery,0,450,467,485,450,,,,450,485,450,wh:learn,450,db2,485,db2,467,
Jewelcrafting,73259,Resolute Hessonite,discovery?,sourceless-unmarked-discovery,sourceless-unmarked-discovery,0,450,467,485,450,,,,450,485,450,wh:learn,450,db2,485,db2,467,
Jewelcrafting,136269,Resplendent Serpent's Eye,discovery?,sourceless-unmarked-discovery,sourceless-unmarked-discovery,0,575,580,585,575,,,,575,585,575,wh:learn,575,db2,585,db2,580,
Jewelcrafting,136270,Lucent Serpent's Eye,discovery?,sourceless-unmarked-discovery,sourceless-unmarked-discovery,0,575,580,585,575,,,,575,585,575,wh:learn,575,db2,585,db2,580,
Jewelcrafting,136272,Willful Serpent's Eye,discovery?,sourceless-unmarked-discovery,sourceless-unmarked-discovery,0,575,580,585,575,,,,575,585,575,wh:learn,575,db2,585,db2,580,
Jewelcrafting,136273,Tense Serpent's Eye,discovery?,sourceless-unmarked-discovery,sourceless-unmarked-discovery,0,575,580,585,575,,,,575,585,575,wh:learn,575,db2,585,db2,580,
Jewelcrafting,136274,Assassin's Serpent's Eye,discovery?,sourceless-unmarked-discovery,sourceless-unmarked-discovery,0,575,580,585,575,,,,575,585,575,wh:learn,575,db2,585,db2,580,
Jewelcrafting,136275,Mysterious Serpent's Eye,discovery?,sourceless-unmarked-discovery,sourceless-unmarked-discovery,0,575,580,585,575,,,,575,585,575,wh:learn,575,db2,585,db2,580,
Jewelcrafting,1216321,Bloodthirsty Amberjewel Pendant,discovery?,sourceless-unmarked-discovery,sourceless-unmarked-discovery,0,525,530,535,525,,,,525,535,525,wh:learn,525,db2,535,db2,530,
Jewelcrafting,1216323,Bloodthirsty Sapphire Ring,discovery?,sourceless-unmarked-discovery,sourceless-unmarked-discovery,0,515,520,525,515,,,,515,525,515,wh:learn,515,db2,525,db2,520,
Jewelcrafting,1216328,Bloodthirsty Amberjewel Band,discovery?,sourceless-unmarked-discovery,sourceless-unmarked-discovery,0,515,520,525,515,,,,515,525,515,wh:learn,515,db2,525,db2,520,
Jewelcrafting,1216329,Bloodthirsty Ruby Signet,discovery?,sourceless-unmarked-discovery,sourceless-unmarked-discovery,0,515,520,525,515,,,,515,525,515,wh:learn,515,db2,525,db2,520,
Jewelcrafting,1216330,Bloodthirsty Sapphire Necklace,discovery?,sourceless-unmarked-discovery,sourceless-unmarked-discovery,0,525,530,535,525,,,,525,535,525,wh:learn,525,db2,535,db2,530,
Jewelcrafting,1216331,Bloodthirsty Ruby Choker,discovery?,sourceless-unmarked-discovery,sourceless-unmarked-discovery,0,525,530,535,525,,,,525,535,525,wh:learn,525,db2,535,db2,530,
Leatherworking,44359,Quiver of a Thousand Feathers,discovery?,sourceless-unmarked-discovery,sourceless-unmarked-discovery,0,360,370,380,360,,,,360,380,360,wh:learn,360,db2,380,db2,370,
Leatherworking,74493,Savage Leather,discovery?,sourceless-unmarked-discovery,sourceless-unmarked-discovery,0,435,442,450,435,,,,435,450,435,wh:learn,435,db2,450,db2,442,
Leatherworking,102366,Mist-Touched Leather,discovery?,sourceless-unmarked-discovery,sourceless-unmarked-discovery,0,525,530,535,525,,,,525,535,525,wh:learn,525,db2,535,db2,530,
Leatherworking,131865,Magnificent Hide,discovery?,sourceless-unmarked-discovery,sourceless-unmarked-discovery,0,550,550,550,550,,,,550,550,550,wh:learn,550,db2,550,db2,550,
Leatherworking,1216335,Bloodthirsty Fur Cloak,discovery?,sourceless-unmarked-discovery,sourceless-unmarked-discovery,0,510,512,515,510,,,,510,515,510,wh:learn,510,db2,515,db2,512,
Leatherworking,1216336,Bloodthirsty Hide Cloak,discovery?,sourceless-unmarked-discovery,sourceless-unmarked-discovery,0,510,512,515,510,,,,510,515,510,wh:learn,510,db2,515,db2,512,
Tailoring,134585,Bipsi's Gloves,discovery?,sourceless-unmarked-discovery,sourceless-unmarked-discovery,0,520,525,530,520,,,,520,530,520,wh:learn,520,db2,530,db2,525,
Tailoring,1224208,Fireweave Belt,discovery?,sourceless-unmarked-discovery,sourceless-unmarked-discovery,0,515,520,525,515,,,,515,525,515,wh:learn,515,db2,525,db2,520,
Tailoring,1224209,Emberfire Bracers,discovery?,sourceless-unmarked-discovery,sourceless-unmarked-discovery,0,505,510,515,505,,,,505,515,505,wh:learn,505,db2,515,db2,510,
Tailoring,1224210,Fireweave Bracers,discovery?,sourceless-unmarked-discovery,sourceless-unmarked-discovery,0,505,510,515,505,,,,505,515,505,wh:learn,505,db2,515,db2,510,
Tailoring,1224211,Emberfire Shoulders,discovery?,sourceless-unmarked-discovery,sourceless-unmarked-discovery,0,515,520,525,515,,,,515,525,515,wh:learn,515,db2,525,db2,520,
Tailoring,1224212,Fireweave Shoulders,discovery?,sourceless-unmarked-discovery,sourceless-unmarked-discovery,0,515,520,525,515,,,,515,525,515,wh:learn,515,db2,525,db2,520,
Tailoring,1224213,Emberfire Belt,discovery?,sourceless-unmarked-discovery,sourceless-unmarked-discovery,0,515,520,525,515,,,,515,525,515,wh:learn,515,db2,525,db2,520,
Tailoring,1224214,Fireweave Boots,discovery?,sourceless-unmarked-discovery,sourceless-unmarked-discovery,0,520,525,530,520,,,,520,530,520,wh:learn,520,db2,530,db2,525,
Tailoring,1224215,Emberfire Gloves,discovery?,sourceless-unmarked-discovery,sourceless-unmarked-discovery,0,525,530,535,525,,,,525,535,525,wh:learn,525,db2,535,db2,530,
Tailoring,1224216,Fireweave Gloves,discovery?,sourceless-unmarked-discovery,sourceless-unmarked-discovery,0,525,530,535,525,,,,525,535,525,wh:learn,525,db2,535,db2,530,
Tailoring,1224217,Emberfire Boots,discovery?,sourceless-unmarked-discovery,sourceless-unmarked-discovery,0,520,525,530,520,,,,520,530,520,wh:learn,520,db2,530,db2,525,
